code,topology,n_qubits,input_dim,n_stabilizers,n_parents_valid,gap_mean,gap_std,gap_median,gap_pct_zero,tie_rate_mean,tie_rate_std,tie_rate_median,best_unique_pct,entropy_mean,entropy_std,entropy_max,n_children_mean,n_children_std,gap_pct_leq1,gap_pct_leq2
7_1_3_Steane_Code,all_to_all,7,21,3,300,0.21666666666666667,0.41197356981027583,0.0,78.33333333333333,0.26199999999999996,0.16645119404798514,0.3,21.666666666666668,1.3610531319154602,0.3083485123315525,2.063865121943641,20.0,0.0,100.0,100.0
15_1_3_Reed_Muller_Code,all_to_all,15,60,4,300,0.23333333333333334,0.43843154793219685,0.0,77.33333333333333,0.23800000000000002,0.1651443812748913,0.2,22.666666666666664,1.5696720100786041,0.3597850048875568,2.328212945832345,20.0,0.0,99.33333333333333,100.0
25_1_5_Rotated_Surface_Logical_0,grid,25,300,12,300,4.456666666666667,4.9646875251341065,3.5,27.0,0.09066666666666667,0.09956349174717051,0.05,73.0,3.1787198104956125,0.9653453446633392,4.321928094858508,20.0,0.0,44.666666666666664,49.333333333333336
